Tech Innovators,John,Smith,john.smith@techinnovators.com,http://techinnovators.com,Technology
Green Solutions,Emily,Johnson,emily.johnson@greensolutions.com,http://greensolutions.com,Environmental
Future Enterprises,Michael,Brown,michael.brown@futureenterprises.com,http://futureenterprises.com,Consulting
Health Hub,Sarah,Wilson,sarah.wilson@healthhub.com,http://healthhub.com,Healthcare
FinServe Group,David,Clark,david.clark@finservegroup.com,http://finservegroup.com,Finance
Smart Design,Laura,Martinez,laura.martinez@smartdesign.com,http://smartdesign.com,Design
Auto Solutions,Robert,Lee,robert.lee@autosolutions.com,http://autosolutions.com,Automotive
Urban Living,Michelle,Harris,michelle.harris@urbanliving.com,http://urbanliving.com,Real Estate
Code Wizards,William,Walker,william.walker@codewizards.com,http://codewizards.com,Software
Creative Minds,Jessica,Adams,jessica.adams@creativeminds.com,http://creativeminds.com,Marketing
Secure IT,Brian,Mitchell,brian.mitchell@secureit.com,http://secureit.com,IT Security
Global Trade,Olivia,Roberts,olivia.roberts@globaltrade.com,http://globaltrade.com,Logistics
Elite Partners,James,Turner,james.turner@elitepartners.com,http://elitepartners.com,Partnerships
Innovate Health,Isabella,Scott,isabella.scott@innovatehealth.com,http://innovatehealth.com,Healthcare
NextGen Tech,Daniel,Carter,daniel.carter@nextgentech.com,http://nextgentech.com,Technology
Bright Future,Ava,Wright,ava.wright@brightfuture.com,http://brightfuture.com,Education
Green Earth,Mia,Young,mia.young@greenearth.com,http://greenearth.com,Environmental
Finance Experts,Matthew,King,matthew.king@financeexperts.com,http://financeexperts.com,Finance
Tech Pioneers,Sophie,Evans,sophie.evans@techpioneers.com,http://techpioneers.com,Technology
HealthFirst,Andrew,Green,andrew.green@healthfirst.com,http://healthfirst.com,Healthcare
Market Leaders,Chloe,Hall,chloe.hall@marketleaders.com,http://marketleaders.com,Marketing
Visionary Designs,Ethan,Adams,ethan.adams@visionarydesigns.com,http://visionarydesigns.com,Design
Auto Vision,Lily,Mitchell,lily.mitchell@autovision.com,http://autovision.com,Automotive
Urban Tech,Jacob,Bennett,jacob.bennett@urbantech.com,http://urbantech.com,Technology
Pro Health,Charlotte,Collins,charlotte.collins@prohealth.com,http://prohealth.com,Healthcare
Innovative Solutions,Ryan,Wood,ryan.wood@innovativesolutions.com,http://innovativesolutions.com,Consulting
NextGen Designs,Amelia,Stewart,amelia.stewart@nextgendesigns.com,http://nextgendesigns.com,Design
Smart Living,Lucas,Young,lucas.young@smartliving.com,http://smartliving.com,Real Estate
Elite Tech,Emma,Rogers,emma.rogers@elitetech.com,http://elitetech.com,Technology
Global Solutions,Alexander,Price,alexander.price@globalsolutions.com,http://globalsolutions.com,Logistics
FinTech Partners,Grace,Cooper,grace.cooper@fintechpartners.com,http://fintechpartners.com,Finance
Tech Advance,Noah,Walker,noah.walker@techadvance.com,http://techadvance.com,Technology
Creative Tech,Harper,James,harper.james@creativetech.com,http://creativetech.com,Design
Health Innovators,James,Harris,james.harris@healthinnovators.com,http://healthinnovators.com,Healthcare
Tech Savvy,Ella,Nelson,ella.nelson@techsavvy.com,http://techsavvy.com,Technology
Smart Solutions,Zoe,Clark,zoe.clark@smartsolutions.com,http://smartsolutions.com,Consulting
Future Health,Elijah,Scott,elijah.scott@futurehealth.com,http://futurehealth.com,Healthcare
Finance Future,Scarlett,Green,scarlett.green@financefuture.com,http://financefuture.com,Finance
Urban Innovators,Matthew,Lee,matthew.lee@urbaninnovators.com,http://urbaninnovators.com,Real Estate
Tech Experts,Evelyn,Walker,evelyn.walker@techexperts.com,http://techexperts.com,Technology
Global Ventures,Jack,Martinez,jack.martinez@globalventures.com,http://globalventures.com,Logistics
Elite Finance,Emily,Roberts,emily.roberts@elitefinance.com,http://elitefinance.com,Finance
Health Solutions,Benjamin,Adams,benjamin.adams@healthsolutions.com,http://healthsolutions.com,Healthcare
Innovative Designs,Lily,Smith,lily.smith@innovative-designs.com,http://innovative-designs.com,Design
Auto Experts,Mason,Brown,mason.brown@autoexperts.com,http://autoexperts.com,Automotive
Tech Innovators,Aria,Green,aria.green@techinnovators.com,http://techinnovators.com,Technology
NextGen Solutions,James,Wright,james.wright@nextgensolutions.com,http://nextgensolutions.com,Consulting
Smart Health,Lily,Young,lily.young@smarthealth.com,http://smarthealth.com,Healthcare
Finance Innovators,Jack,Evans,jack.evans@financeinnovators.com,http://financeinnovators.com,Finance
Urban Future,Grace,Baker,grace.baker@urbanfuture.com,http://urbanfuture.com,Real Estate